,stock
0,EA
1,CVS
2,EG
3,ES
4,CRWD
5,LULU
6,LDOS
7,IPG
8,HSY
9,BBY
10,VICI
11,FMC
12,TXT
13,TSN
14,XOM
15,MHK
16,AES
17,BK
18,AZO
19,CSGP
20,LH
21,AME
22,JBL
23,EBAY
24,ABT
25,INTC
26,COF
27,AMP
28,PG
29,IVZ
30,TSLA
31,WYNN
32,EMR
33,FTV
34,MDT
35,CCEP
36,TAP
37,ROL
38,INCY
39,GEV
40,CINF
41,MCK
42,HIG
43,DELL
44,TRV
45,WBD
46,PPG
47,MPWR
48,TSCO
49,AEP
50,ED
51,CHTR
52,INVH
53,DG
54,TPR
55,VMC
56,CCL
57,PFE
58,CBRE
59,BX
60,SCHW
61,AAPL
62,FRT
63,MKC
64,BALL
65,CTVA
66,CMG
67,ETN
68,CTRA
69,J
70,PGR
71,CPRT
72,NEM
73,MMC
74,KO
75,GD
76,ULTA
77,URI
78,CARR
79,MCHP
80,DHI
81,SYK
82,AMD
83,HSIC
84,TXN
85,AVB
86,C
87,WELL
88,WEC
89,NVDA
90,UDR
91,MGM
92,WAB
93,BA
94,APO
95,NOW
96,OTIS
97,GNRC
98,MO
99,CTSH
100,CPAY
101,O
102,IFF
103,BRK.B
104,MLM
105,VTR
106,UBER
107,WTW
108,DGX
109,DDOG
110,ALGN
111,BDX
112,DPZ
113,DOC
114,SPG
115,CCI
116,YUM
117,MAR
118,NTAP
119,XEL
120,LIN
121,TT
122,CDNS
123,COR
124,EMN
125,VRSN
126,ODFL
127,AWK
128,PNC
129,FANG
130,MA
131,APD
132,WRB
133,TFX
134,WST
135,PRU
136,LKQ
137,T
138,CPB
139,MELI
140,CRL
141,TECH
142,LYV
143,BLDR
144,LII
145,TTD
146,FDS
147,IEX
148,EXPE
149,STLD
150,AXP
151,AEE
152,SO
153,VLTO
154,GM
155,RCL
156,HBAN
157,CLX
158,CMI
159,NWS
160,OXY
161,FI
162,EW
163,MDB
164,TROW
165,CE
166,REGN
167,UNP
168,GEN
169,SLB
170,SOLV
171,STT
172,BG
173,ALLE
174,KMX
175,MNST
176,L
177,PAYC
178,META
179,JNPR
180,FIS
181,TMUS
182,CI
183,PNR
184,AIZ
185,HPQ
186,EXR
187,ARM
188,LUV
189,CZR
190,BIIB
191,BSX
192,GILD
193,DVA
194,TDY
195,ITW
196,HON
197,DOV
198,MCO
199,NXPI
200,LOW
201,KKR
202,APA
203,SNPS
204,JNJ
205,BLK
206,CAG
207,EXPD
208,WBA
209,SBAC
210,EOG
211,VST
212,HOLX
213,WAT
214,ZBRA
215,BWA
216,LMT
217,MAS
218,PANW
219,BXP
220,TER
221,ALB
222,ATO
223,MTB
224,CNC
225,EQR
226,ELV
227,PDD
228,ADM
229,IT
230,AMAT
231,MU
232,GPC
233,NVR
234,ENPH
235,TEL
236,AIG
237,AZN
238,HST
239,MRK
240,V
241,MOS
242,CNP
243,DECK
244,CMCSA
245,DFS
246,MOH
247,SRE
248,ZTS
249,PH
250,PM
251,SHW
252,BAX
253,EVRG
254,MKTX
255,SYY
256,PPL
257,RJF
258,ORLY
259,EQT
260,ABNB
261,GEHC
262,ROST
263,FAST
264,NUE
265,UNH
266,PFG
267,CTAS
268,ABBV
269,CFG
270,SMCI
271,PLTR
272,IRM
273,QCOM
274,CBOE
275,NWSA
276,REG
277,KHC
278,SWK
279,RMD
280,LNT
281,WFC
282,GL
283,MMM
284,ACGL
285,LVS
286,AJG
287,LHX
288,LRCX
289,NTRS
290,EPAM
291,SYF
292,HWM
293,CHD
294,CSCO
295,VRSK
296,MRVL
297,BKNG
298,OKE
299,TDG
300,SBUX
301,JKHY
302,AVGO
303,ZBH
304,EXC
305,PAYX
306,BKR
307,CEG
308,ROP
309,DLTR
310,WDC
311,ARE
312,JBHT
313,MPC
314,AFL
315,LYB
316,VLO
317,AMGN
318,ISRG
319,STZ
320,KMI
321,FDX
322,VTRS
323,NOC
324,GLW
325,ACN
326,TMO
327,WMT
328,NCLH
329,K
330,SWKS
331,RF
332,HPE
333,PCAR
334,STE
335,INTU
336,KMB
337,FITB
338,DASH
339,GDDY
340,NRG
341,PSA
342,VZ
343,PODD
344,MSFT
345,PTC
346,IQV
347,MSCI
348,AVY
349,DAL
350,NKE
351,FSLR
352,GS
353,KVUE
354,RVTY
355,FE
356,FCX
357,MCD
358,BEN
359,DVN
360,HRL
361,ZS
362,FICO
363,PEG
364,CAH
365,ANET
366,CSX
367,SPGI
368,RTX
369,AMZN
370,AKAM
371,OMC
372,POOL
373,ALL
374,NDAQ
375,LEN
376,ADI
377,ROK
378,ERIE
379,KIM
380,DTE
381,ETR
382,FFIV
383,IP
384,BRO
385,IBM
386,CAT
387,KDP
388,HAL
389,TGT
390,EQIX
391,WM
392,APH
393,SW
394,TTWO
395,MTD
396,HUM
397,TEAM
398,DIS
399,JCI
400,AON
401,NSC
402,GOOG
403,APTV
404,GWW
405,MRNA
406,UHS
407,DLR
408,COST
409,TJX
410,ESS
411,TPL
412,EIX
413,IDXX
414,AMT
415,GOOGL
416,NEE
417,PWR
418,HES
419,DD
420,WMB
421,IR
422,MET
423,D
424,DOW
425,CL
426,KEYS
427,PLD
428,UAL
429,HCA
430,MS
431,BR
432,PYPL
433,HII
434,SJM
435,GE
436,ORCL
437,KR
438,BF.B
439,LLY
440,CHRW
441,RL
442,STX
443,JPM
444,MDLZ
445,ON
446,KEY
447,CMS
448,SNA
449,BMY
450,AXON
451,ADP
452,PARA
453,LW
454,VRTX
455,PKG
456,PNW
457,APP
458,TRGP
459,WY
460,MTCH
461,NI
462,KLAC
463,PCG
464,MSI
465,FTNT
466,DUK
467,GRMN
468,PSX
469,DXCM
470,CB
471,RSG
472,ICE
473,DE
474,ASML
475,TYL
476,HUBB
477,MAA
478,USB
479,MSTR
480,NFLX
481,PHM
482,COP
483,ADBE
484,AOS
485,TRMB
486,GIS
487,NDSN
488,DRI
489,CRM
490,GPN
491,HD
492,UPS
493,TFC
494,AMCR
495,XYL
496,PEP
497,EFX
498,F
499,CF
500,COO
501,CDW
502,WDAY
503,HLT
504,A
505,EL
506,FOX
507,ECL
508,DHR
509,CME
510,ADSK
511,FOXA
512,ANSS
513,HAS
514,BAC
515,DAY
516,CPT
517,CVX
518,GFS
519,VIEW
520,RELIC
521,EZPW
522,JABIL
523,CNOB
524,HALO
525,ICUI
526,BCOR
527,HUN
528,SMG
529,UFP
530,XL
531,SOUTH
532,WKHS
533,MORF
534,TLYS
535,VCYT
536,HTZ
537,ASB
538,KBH
539,PBF
540,ELF
541,CRAI
542,KRUS
543,FISV
544,HRTX
545,WING
546,LITE
547,SKYT
548,LGND
549,RILEY
550,MHO
551,PTON
552,WU
553,SOFI
554,CTKB
555,OLLIE
556,SHOO
557,COVEY
558,NLSN
559,CO
560,OPFI
561,ORGO
562,POWI
563,ALRS
564,PFBC
565,VMEO
566,II
567,BARN
568,CLARK
569,TRMK
570,RCKT
571,TCS
572,HMN
573,BWFG
574,EAST
575,INSG
576,CRBU
577,DOUG
578,SAIL
579,AMPY
580,KITE
581,BLACK
582,IIPR
583,NHI
584,CYTK
585,AAN
586,MRO
587,ALEX
588,LAM
589,SRNE
590,WTBA
591,HLIO
592,LXRX
593,OOMA
594,TIRE
595,IOVA
596,SNV
597,FCEL
598,PGEN
599,WIDE
600,LIONS
601,ML
602,WTS
603,US
604,BALY
605,AVT
606,CSII
607,XPEL
608,VAC
609,BL
610,VIDEO
611,GOLD
612,ARWR
613,GAME
614,QS
615,ANSYS
616,AHCO
617,RUTH
618,CCO
619,FCF
620,FRME
621,UMPQ
622,ACMR
623,WISH
624,FMBH
625,BCBP
626,RNA
627,BCRX
628,CCNE
629,GDOT
630,MTRN
631,SS
632,GBIO
633,AOSL
634,NAPA
635,SONO
636,FYBR
637,MTH
638,BTU
639,BONE
640,CIR
641,NOBLE
642,PAR
643,CBAN
644,RPT
645,METER
646,AVXL
647,EYE
648,CS
649,HANMI
650,AFRM
651,ALICO
652,ATER
653,WE
654,VRRM
655,APTIV
656,NEWS
657,AMSWA
658,STAG
659,VALU
660,NRIX
661,HBNC
662,ALKS
663,FHI
664,THRY
665,CYBE
666,SD
667,CARS
668,SFNC
669,GATE
670,ENVX
671,MGNX
672,CIVB
673,CTLT
674,EQRX
675,JOANN
676,MARSH
677,OPKO
678,POWER
679,AUB
680,RS
681,AM
682,CYCLE
683,IDCC
684,AFMD
685,DYCOM
686,FA
687,SGH
688,AYI
689,LEG
690,ONTO
691,CMC
692,HCAT
693,SEI
694,REXR
695,PBI
696,TRU
697,OZK
698,IESC
699,FSLY
700,CYBER
701,SLQT
702,LCI
703,GRC
704,GLRE
705,CADE
706,KFRC
707,AERIE
708,BLDE
709,FOXF
710,SHYF
711,ATARA
712,LASR
713,VRNS
714,MONEY
715,NRDY
716,NOV
717,TALOS
718,CHS
719,IDYA
720,CHGG
721,BRADY
722,AKR
723,AMAL
724,FNF
725,BRBS
726,RSCS
727,BROWN
728,FLO
729,FATE
730,PDFS
731,CGNX
732,MAXAR
733,DOMA
734,SKX
735,AIRC
736,HL
737,LCID
738,WNC
739,KTB
740,ARLO
741,VANDA
742,KEX
743,ITEOS
744,PURE
745,VSH
746,ADT
747,RE
748,APPN
749,LSB
750,AGL
751,ESPR
752,BLINK
753,CHCO
754,SYS
755,HDSN
756,FLOOR
757,NUCOR
758,SAGE
759,NWL
760,PCOR
761,NTNX
762,THO
763,HERON
764,CLR
765,NUS
766,PLACE
767,SFBS
768,ACC
769,WOOF
770,HASI
771,HYLN
772,FLGT
773,NURIX
774,ALPN
775,KRG
776,ARES
777,ARCB
778,CENTA
779,VIZIO
780,EE
781,DTM
782,ORMAT
783,EEFT
784,OFIX
785,GBT
786,SMFR
787,FRG
788,RDNT
789,ULH
790,AKOYA
791,INARI
792,STGW
793,MLKN
794,AVLR
795,GERN
796,HOMES
797,ANF
798,FSBC
799,HLVX
800,IPI
801,CCBG
802,WLK
803,AHH
804,NGVC
805,SGHT
806,INN
807,LECO
808,CLFD
809,UTL
810,ZI
811,XPO
812,KALU
813,ETHAN
814,POSH
815,ANAB
816,LFLY
817,SCHN
818,COM
819,SILK
820,ITT
821,DGICA
822,ESGR
823,MKL
824,SPACE
825,LYEL
826,CVLT
827,TMCI
828,BANCO
829,CTOS
830,ARL
831,EDIT
832,AWR
833,NKLA
834,SP
835,ELS
836,MOBIL
837,TNK
838,AREN
839,CRGY
840,DMC
841,UIS
842,CTLP
843,LAZ
844,LATIN
845,EOLS
846,BEAR
847,DNA
848,OII
849,PROP
850,SGMO
851,REIT
852,ATN
853,TWTR
854,TTSH
855,ATEN
856,ADOBE
857,ATGE
858,VIANT
859,AT
860,ANIK
861,OWENS
862,SEE
863,BXC
864,LANG
865,PLMR
866,SHOP
867,BLKB
868,MAPS
869,GNL
870,GUESS
871,MXL
872,PBFS
873,GCMG
874,INTEL
875,IONQ
876,TELOS
877,DUCK
878,DNLI
879,AMRX
880,CVCO
881,DSKE
882,EGAN
883,DOLBY
884,CADRE
885,INFA
886,NPK
887,CA
888,TWKS
889,HLDS
890,KOD
891,AO
892,BAH
893,INDT
894,UNION
895,AGR
896,LEGH
897,SYNA
898,RITE
899,VISTA
900,VICOR
901,CHDN
902,VITA
903,CVR
904,BANKS
905,ANDE
906,PCB
907,ALAMO
908,CMPO
909,AL
910,BKU
911,DXP
912,EBF
913,NU
914,JBGS
915,SEATS
916,BLOOD
917,RXST
918,BBIG
919,SWCH
920,CPRI
921,SHOE
922,ESTE
923,NBT
924,SBNY
925,FCUV
926,BTAI
927,AXIS
928,ASTRA
929,VAIL
930,RAD
931,MXCT
932,QUAD
933,CNSL
934,BOK
935,OC
936,MOOG
937,BY
938,CVBF
939,ACNB
940,AVTR
941,EVC
942,ENOV
943,PDCE
944,ATUS
945,ONE
946,WEIS
947,WH
948,AMGEN
949,GPMT
950,QUOT
951,BERRY
952,SPB
953,OPI
954,ISEE
955,CONS
956,PWSC
957,SASR
958,SKYW
959,FIGS
960,FCBC
961,CBT
962,CASY
963,NBR
964,CSGS
965,COLD
966,EVGO
967,RVLV
968,SCHL
969,ZETA
970,VSTO
971,SCSC
972,CMAX
973,DEPOT
974,SGC
975,PET
976,AIP
977,INVE
978,OLD
979,INC
980,FARO
981,MED
982,SCWX
983,AMBP
984,FBNC
985,HELIX
986,SMTC
987,SAFT
988,ATRO
989,JMSB
990,NESR
991,ARCH
992,CROX
993,FLT
994,VRDN
995,LSI
996,ANI
997,CABO
998,RWT
999,CTI
1000,INGR
1001,CDAY
1002,LOCO
1003,MARA
1004,PATK
1005,KRON
1006,IMKTA
1007,KE
1008,KLR
1009,RXDX
1010,KORN
1011,FUNKO
1012,RUGER
1013,PLC
1014,NSP
1015,OSCR
1016,PRICE
1017,NTRA
1018,CTIC
1019,AGNC
1020,FBMS
1021,BGFV
1022,ZIONS
1023,YARDS
1024,CIEN
1025,DIME
1026,GMRE
1027,GDYN
1028,RIDE
1029,TPTX
1030,SSP
1031,SOND
1032,FND
1033,AEL
1034,SSTK
1035,CBZ
1036,EPC
1037,AROC
1038,CMCO
1039,LFST
1040,MIDD
1041,WESCO
1042,BNCP
1043,KB
1044,KIRBY
1045,SHORE
1046,HNGR
1047,RVNC
1048,EVR
1049,FOSL
1050,OSCAR
1051,HXL
1052,VIAV
1053,OWLT
1054,HERTZ
1055,SBH
1056,MTW
1057,PTEN
1058,SITM
1059,JBT
1060,MBIN
1061,VRTV
1062,ATRC
1063,PLAB
1064,RAPT
1065,PULTE
1066,RIVN
1067,VERIS
1068,WSC
1069,CTO
1070,HWKN
1071,AVA
1072,FSP
1073,INST
1074,VIVO
1075,RCI
1076,BMRN
1077,FOCS
1078,HIMS
1079,LULUS
1080,KIDS
1081,APPS
1082,TTC
1083,IRDM
1084,SNBR
1085,FIX
1086,WAX
1087,BRSP
1088,MINI
1089,BOXED
1090,TMDX
1091,CMLS
1092,PRAA
1093,ALTO
1094,ACT
1095,FEDEX
1096,DOCK
1097,THG
1098,MARIN
1099,SRDX
1100,ARGO
1101,ENETI
1102,HOG
1103,BLUE
1104,MPAA
1105,ABM
1106,METAL
1107,SWAV
1108,ROLL
1109,PCRX
1110,FUL
1111,ROVR
1112,FB
1113,TAKE
1114,ANIP
1115,PINS
1116,GNW
1117,GCO
1118,NP
1119,MYGN
1120,KIMCO
1121,AMR
1122,STEM
1123,CTS
1124,FLR
1125,BULK
1126,HONE
1127,MGI
1128,VERVE
1129,HRT
1130,EB
1131,ALKT
1132,NUTEX
1133,PRVA
1134,FIZZ
1135,ICVX
1136,NFG
1137,CLBK
1138,AZTA
1139,SQ
1140,GEF
1141,GWRS
1142,SUPER
1143,GRP
1144,AVYA
1145,WOR
1146,RNR
1147,RAND
1148,MKSI
1149,IHRT
1150,SL
1151,LAMB
1152,QCRH
1153,SLGN
1154,RETA
1155,MTSI
1156,SAM
1157,DORM
1158,FAIR
1159,RICO
1160,RLGT
1161,HOOD
1162,REZI
1163,PS
1164,TSVT
1165,WPC
1166,LUMEN
1167,QGEN
1168,SYNH
1169,SLCA
1170,WEN
1171,TRNO
1172,CDK
1173,JOUT
1174,UPWK
1175,OAK
1176,JJSF
1177,OKTA
1178,TVTY
1179,DIN
1180,TARS
1181,ALHC
1182,ZENGA
1183,PGRE
1184,CROCS
1185,LNDC
1186,LIDAR
1187,FBC
1188,KN
1189,ONTF
1190,PNTG
1191,SPOT
1192,CELU
1193,TEXAS
1194,ADPT
1195,APOG
1196,MERCK
1197,HENRY
1198,PK
1199,OM
1200,COOK
1201,BEACH
1202,WLDN
1203,THC
1204,CVT
1205,CAC
1206,PSN
1207,GLDD
1208,EFC
1209,MLNK
1210,HLIT
1211,MN
1212,AIRS
1213,NTCT
1214,DJCO
1215,MUSA
1216,HE
1217,BEST
1218,ALX
1219,SBSI
1220,SONS
1221,LEA
1222,RIDGE
1223,SABR
1224,MMS
1225,LOWES
1226,PAPA
1227,CANO
1228,RSI
1229,AMER
1230,MERIT
1231,ADTH
1232,RXT
1233,SLP
1234,HRB
1235,JHG
1236,APLE
1237,VIA
1238,SB
1239,SMRT
1240,PFHD
1241,MDXG
1242,INT
1243,LANC
1244,ABUS
1245,CRNX
1246,HEAR
1247,HEES
1248,ASLE
1249,CBSH
1250,SOI
1251,SITE
1252,WALT
1253,EFSC
1254,FSR
1255,OFLX
1256,PARKE
1257,CPSI
1258,LBAI
1259,SNEX
1260,FRST
1261,MACOM
1262,INTRA
1263,WGO
1264,SCL
1265,PGNY
1266,PAG
1267,SRPT
1268,ACA
1269,CSTL
1270,ALNY
1271,WERN
1272,ARQT
1273,LYLT
1274,KD
1275,LOVE
1276,THRM
1277,IDT
1278,END
1279,INVA
1280,FRBK
1281,PFC
1282,BANCP
1283,NIKE
1284,CSL
1285,VALUE
1286,LFG
1287,BRY
1288,MONRO
1289,UFPT
1290,NAPCO
1291,BRDS
1292,UVE
1293,RYI
1294,BOOM
1295,AVID
1296,OIL
1297,ACI
1298,QLYS
1299,AVD
1300,AIT
1301,ALK
1302,RCUS
1303,CBIZ
1304,ELI
1305,SFM
1306,CRI
1307,CYH
1308,GEO
1309,NNI
1310,RHI
1311,STRS
1312,TENET
1313,TEREX
1314,NYT
1315,GGG
1316,BATH
1317,RES
1318,IGMS
1319,WEAVE
1320,PNM
1321,PLCE
1322,GNTX
1323,CREDO
1324,GPOR
1325,CNB
1326,TIME
1327,BOISE
1328,GRAY
1329,PRIMO
1330,TRN
1331,VCTR
1332,CNTY
1333,HOPE
1334,LNG
1335,LTHM
1336,MGTX
1337,LMND
1338,SOVOS
1339,LAMAR
1340,CMRX
1341,REX
1342,SMR
1343,ADUS
1344,PRAX
1345,SNDR
1346,NUVL
1347,IRMD
1348,ICHR
1349,COWN
1350,PRIDE
1351,KORE
1352,VCEL
1353,TW
1354,MKFG
1355,UA
1356,EVCM
1357,ORGN
1358,SMBK
1359,AMSF
1360,EBIX
1361,INTA
1362,HI
1363,TGI
1364,ENFN
1365,SIX
1366,BDC
1367,GWH
1368,MINOR
1369,AEVA
1370,BLADE
1371,TCMD
1372,WWD
1373,AMWL
1374,IONIS
1375,AVERY
1376,HOUS
1377,HCC
1378,AMKOR
1379,COTY
1380,CFR
1381,MAINE
1382,ZOOM
1383,SLM
1384,QTWO
1385,TPC
1386,KSS
1387,FMTX
1388,PPC
1389,MSBI
1390,RMNI
1391,IDEXX
1392,HIBB
1393,DELTA
1394,NVAX
1395,DRIL
1396,LADR
1397,EXPR
1398,AGO
1399,FFBC
1400,URBN
1401,SOUP
1402,HUBG
1403,GPI
1404,CCMP
1405,TENB
1406,DUKE
1407,ARTS
1408,LSXMA
1409,JBLU
1410,ATMOS
1411,YMAB
1412,SPWH
1413,FLNG
1414,CWH
1415,RELY
1416,COUPA
1417,NHC
1418,SSTI
1419,OTTR
1420,ST
1421,NXGN
1422,APPLE
1423,MRCY
1424,BVH
1425,VSAT
1426,ECVT
1427,TREE
1428,GLPI
1429,CARA
1430,AAWW
1431,PECO
1432,FDP
1433,BEAM
1434,QNST
1435,BAR
1436,TCBI
1437,CP
1438,VRNT
1439,CPTN
1440,CPE
1441,LAKES
1442,RPD
1443,REPX
1444,GOPRO
1445,BGC
1446,EVRI
1447,MASCO
1448,MCB
1449,SHCR
1450,PLAY
1451,FISI
1452,SKIN
1453,GOLF
1454,MOTOR
1455,GTLS
1456,UNF
1457,GTYH
1458,PI
1459,TTMI
1460,CARE
1461,GREIF
1462,MESA
1463,RNST
1464,TMHC
1465,SWKH
1466,HR
1467,ARENA
1468,EVOP
1469,OCEAN
1470,EVO
1471,HIW
1472,COAST
1473,EXACT
1474,NKTR
1475,GLUE
1476,ALIT
1477,PALO
1478,KRT
1479,PLTK
1480,PROS
1481,RUN
1482,COPA
1483,PLL
1484,AXTA
1485,ESAB
1486,NRC
1487,RUSHB
1488,TNGX
1489,AMED
1490,ALXO
1491,EWBC
1492,GDEN
1493,POR
1494,LZ
1495,AMTB
1496,BFS
1497,ENPRO
1498,ACEL
1499,ACAD
1500,SAFM
1501,IBCP
1502,STON
1503,TWLO
1504,DELEK
1505,DHT
1506,PIPER
1507,GAMB
1508,OCGN
1509,DZSI
1510,CNVY
1511,MGRC
1512,DR
1513,PVBC
1514,CSR
1515,FBRT
1516,RAMP
1517,OASIS
1518,TOL
1519,TRUCK
1520,CC
1521,ARIS
1522,ARVN
1523,BSRR
1524,YORK
1525,WD
1526,AMNB
1527,MYRG
1528,NOTV
1529,CIM
1530,FMAO
1531,CHART
1532,HAIN
1533,JELD
1534,WHITE
1535,CVGW
1536,TRNS
1537,KOS
1538,UHAL
1539,CIGNA
1540,MOV
1541,LBC
1542,WWE
1543,FVCB
1544,UTAH
1545,SWTX
1546,ZYNEX
1547,CLVT
1548,RDVT
1549,EME
1550,TOWER
1551,TRADE
1552,RUTHS
1553,PKI
1554,NTUS
1555,STOK
1556,PRTS
1557,VSEC
1558,CASS
1559,JOAN
1560,CENX
1561,DUOL
1562,CDXS
1563,GTY
1564,FWONK
1565,FUBO
1566,NEW
1567,JAMES
1568,LEU
1569,PEPG
1570,HNST
1571,XNCR
1572,EDGE
1573,RCII
1574,NEVRO
1575,AXSM
1576,SANDS
1577,TORO
1578,BLD
1579,SON
1580,DEVON
1581,ACCO
1582,NCR
1583,SLVM
1584,INSM
1585,STRA
1586,BSIG
1587,STAR
1588,ZWS
1589,ZEN
1590,TD
1591,ISTAR
1592,JYNT
1593,SKLZ
1594,AVIS
1595,ALLY
1596,BHB
1597,ZGN
1598,NEOG
1599,ENVA
1600,BWB
1601,BLFS
1602,KZR
1603,MAC
1604,NCINO
1605,CWEN
1606,OUT
1607,ISAAC
1608,PRI
1609,SAIA
1610,CHEGG
1611,LAS
1612,MEDP
1613,THS
1614,OPPFI
1615,CHH
1616,JOHN
1617,OI
1618,DFIN
1619,ENS
1620,BILL
1621,MULN
1622,DOCU
1623,CRSR
1624,AMRK
1625,INTL
1626,NPO
1627,MCFT
1628,NJR
1629,OWLET
1630,PLUG
1631,ENTA
1632,EGBN
1633,MODV
1634,STAA
1635,RKLB
1636,AADI
1637,DIBS
1638,EAT
1639,STEP
1640,YETI
1641,TDS
1642,FED
1643,DEERE
1644,GAMCO
1645,AMPL
1646,FOUR
1647,LYELL
1648,BREAD
1649,SUPN
1650,OMF
1651,CARG
1652,EAF
1653,TREX
1654,AAL
1655,FIBK
1656,SHO
1657,XCEL
1658,TTM
1659,LINE
1660,XRX
1661,CORPO
1662,MMI
1663,SPFI
1664,NPV
1665,LAB
1666,CACC
1667,CHEFS
1668,ARW
1669,ALLO
1670,EQH
1671,MOFG
1672,CLF
1673,HCSG
1674,MVB
1675,OPY
1676,NETI
1677,TMST
1678,VG
1679,ZEBRA
1680,VTOL
1681,ALARM
1682,INDIE
1683,GH
1684,LQDA
1685,WORKS
1686,PLOW
1687,FN
1688,NR
1689,REPAY
1690,UCBI
1691,MASS
1692,XMTR
1693,IRWD
1694,AUTO
1695,ENOVA
1696,DCI
1697,SATS
1698,AGYS
1699,CSTE
1700,PCH
1701,IPAR
1702,FOA
1703,PRDO
1704,ALEC
1705,EVH
1706,VBI
1707,LIVN
1708,FWRD
1709,MONTE
1710,SNACK
1711,CREEK
1712,BFC
1713,RCM
1714,CCOI
1715,CELH
1716,PC
1717,FRO
1718,URBAN
1719,DBX
1720,EGY
1721,TCI
1722,AVIR
1723,PCYO
1724,AURA
1725,COLL
1726,NTST
1727,TSE
1728,RDW
1729,PSMT
1730,BSY
1731,ENDP
1732,SEM
1733,CASA
1734,NOVT
1735,FLAGS
1736,CERT
1737,AZEK
1738,BCML
1739,TRIP
1740,AGTI
1741,MYPS
1742,CNNE
1743,XEROX
1744,SXT
1745,SRI
1746,HTBI
1747,ITRI
1748,TKNO
1749,STNE
1750,OSTK
1751,SUM
1752,RLMD
1753,NUVA
1754,LUNG
1755,EATON
1756,TITL
1757,IRNT
1758,SF
1759,INGN
1760,BOATS
1761,MYFW
1762,MNTS
1763,STBA
1764,GRO
1765,SPWR
1766,CORT
1767,SALLY
1768,IBP
1769,SPSC
1770,CAPRI
1771,BBUC
1772,HAE
1773,DINO
1774,SONOS
1775,CNA
1776,SEB
1777,BRBR
1778,ABCL
1779,MPX
1780,BLOOM
1781,VEECO
1782,KOHL
1783,COORS
1784,OTLK
1785,GES
1786,TYSON
1787,KRC
1788,LGI
1789,REV
1790,SOLAR
1791,VSCO
1792,SMAR
1793,UNDER
1794,HOUSE
1795,AAP
1796,INSP
1797,EPLUS
1798,GMED
1799,GROUP
1800,PKBK
1801,OMCL
1802,FOLD
1803,RICK
1804,PMV
1805,IQVIA
1806,SYBT
1807,FLNC
1808,THRYV
1809,SNDX
1810,SSR
1811,IND
1812,ICF
1813,STATE
1814,DEA
1815,BIG
1816,NKTX
1817,ALE
1818,MIRM
1819,ALCOA
1820,IIVI
1821,LEASE
1822,CMA
1823,LVOX
1824,GLOBE
1825,GCI
1826,ITCI
1827,NC
1828,EPR
1829,BPMC
1830,GO
1831,ESI
1832,IRT
1833,REP
1834,BAKER
1835,RED
1836,PHAT
1837,CMPR
1838,ALBO
1839,AMCX
1840,AOMR
1841,LOTS
1842,NXRT
1843,ALCO
1844,PACW
1845,HUNT
1846,TARGA
1847,VPG
1848,WSR
1849,IDEX
1850,AMWD
1851,WMK
1852,PRMW
1853,OSK
1854,ARNC
1855,RBB
1856,DXLG
1857,SGEN
1858,BATRK
1859,VICR
1860,HCI
1861,SIGA
1862,CRUS
1863,MABS
1864,KNSL
1865,HOME
1866,NBN
1867,BRX
1868,DANA
1869,FFIC
1870,RDN
1871,ASTR
1872,COLB
1873,AD
1874,SABRE
1875,NSIT
1876,AID
1877,APPH
1878,CCCS
1879,IBEX
1880,DOWNS
1881,HIPPO
1882,NAVI
1883,CHEF
1884,OSW
1885,PRIM
1886,CALIX
1887,ENSG
1888,BASE
1889,AMG
1890,DESK
1891,DYNEX
1892,RING
1893,UI
1894,ASAN
1895,SMART
1896,TYRA
1897,DDD
1898,BLEND
1899,ATRI
1900,FSS
1901,FDMT
1902,LNN
1903,AVNT
1904,ALGT
1905,ATRA
1906,ESTC
1907,KRTX
1908,CLOV
1909,PLNT
1910,ABR
1911,FCFS
1912,CBRL
1913,CYXT
1914,ECPG
1915,IVR
1916,GPK
1917,PRTA
1918,FBIZ
1919,WBS
1920,MDRX
1921,VHI
1922,PAPER
1923,HTLF
1924,DC
1925,LGF
1926,CISCO
1927,DECOR
1928,LLC
1929,MEG
1930,FCPT
1931,UTZ
1932,INSTR
1933,ENOB
1934,VALHI
1935,ESCO
1936,SEER
1937,OMEGA
1938,COLA
1939,AFLAC
1940,WWW
1941,PHARM
1942,MSGS
1943,TALO
1944,DLTH
1945,SPR
1946,ARRY
1947,WEYCO
1948,MKTW
1949,MBUU
1950,FOOD
1951,PEN
1952,NVENT
1953,SSRM
1954,NEU
1955,RBCAA
1956,GCM
1957,DRE
1958,TRUP
1959,DHX
1960,ALPHA
1961,DDS
1962,AXOS
1963,BWX
1964,NCNO
1965,VOLTA
1966,EBC
1967,MSGE
1968,LLAP
1969,CTT
1970,CLH
1971,CVET
1972,PACK
1973,ALIGN
1974,HBT
1975,THR
1976,BHIL
1977,LNC
1978,AFC
1979,GAS
1980,MNTV
1981,SVB
1982,LXFR
1983,ASSET
1984,APLS
1985,ATKR
1986,VUZIX
1987,EAGLE
1988,SLG
1989,PRCT
1990,LRN
1991,CORZ
1992,APLD
1993,RMBL
1994,KELLY
1995,CW
1996,HEICO
1997,CRD
1998,NREF
1999,COWEN
2000,DICE
2001,TFS
2002,WBT
2003,PLM
2004,EIG
2005,PGC
2006,EVBG
2007,DSEY
2008,LPL
2009,CAVCO
2010,FTSE
2011,BCOV
2012,LPRO
2013,BLMN
2014,VCSA
2015,COCO
2016,SWIFT
2017,TRI
2018,VUZI
2019,ALTA
2020,CUTR
2021,STKL
2022,KNX
2023,RXRX
2024,ROCC
2025,ARBOR
2026,VGR
2027,TPH
2028,FLL
2029,TH
2030,TESLA
2031,ONEOK
2032,ULTRA
2033,NSTG
2034,LXU
2035,ALTUS
2036,TROX
2037,FUELS
2038,SNAP
2039,CCC
2040,SUSHI
2041,AIN
2042,ABLE
2043,BNGO
2044,GETTY
2045,ROWE
2046,EWCZ
2047,CDLX
2048,BDN
2049,TCBX
2050,PATH
2051,PFSW
2052,SRC
2053,BF
2054,SJW
2055,QSI
2056,NBTB
2057,OSI
2058,MCRB
2059,ALRM
2060,KRYS
2061,RARE
2062,LBRDK
2063,NGMS
2064,TNDM
2065,MIRUM
2066,PTRA
2067,OSUR
2068,FORMA
2069,ALTR
2070,IRBT
2071,GREAT
2072,MLR
2073,TWO
2074,CCRN
2075,LEAR
2076,GERON
2077,USANA
2078,WATTS
2079,NATUS
2080,CHE
2081,DYN
2082,WK
2083,RBOT
2084,FAF
2085,WEST
2086,CVB
2087,DUN
2088,RH
2089,ATEX
2090,AMEH
2091,NWPX
2092,AAON
2093,VIR
2094,DSP
2095,SBRA
2096,MD
2097,VLY
2098,GCBC
2099,HURN
2100,INSW
2101,SLAB
2102,TRICO
2103,WABC
2104,WASH
2105,BBIO
2106,PLBY
2107,HYMC
2108,AND
2109,ZNTL
2110,FIRE
2111,NTB
2112,NYMT
2113,CYRX
2114,FRC
2115,GPS
2116,ELEC
2117,BNL
2118,PSTL
2119,TELL
2120,COIN
2121,FL
2122,PJT
2123,NLOK
2124,PGTI
2125,YORW
2126,NLY
2127,PARK
2128,TIPT
2129,SGFY
2130,SANM
2131,CODI
2132,HEINZ
2133,IVT
2134,PRCH
2135,ABMD
2136,YEXT
2137,ROG
2138,SIGHT
2139,GREY
2140,HLTH
2141,TBK
2142,OCUL
2143,GSBC
2144,CRNC
2145,PDC
2146,WSBF
2147,DX
2148,FORM
2149,AGREE
2150,UVSP
2151,AXS
2152,ECOM
2153,PETQ
2154,HP
2155,CTV
2156,PLPC
2157,CPSS
2158,FWRG
2159,LICY
2160,NL
2161,BLNK
2162,GTN
2163,LBRT
2164,UTD
2165,QDEL
2166,EVOLV
2167,TEX
2168,KW
2169,SNX
2170,BARK
2171,GRACO
2172,PZN
2173,CSWI
2174,PAYO
2175,CFFN
2176,WFRD
2177,LANDS
2178,XPOF
2179,HUB
2180,SKY
2181,EXPI
2182,LOPE
2183,HLGN
2184,RSVR
2185,SBCF
2186,GLNG
2187,ZIFF
2188,RYN
2189,PL
2190,EPRT
2191,FHB
2192,CROWN
2193,NARI
2194,RRX
2195,HLNE
2196,CCB
2197,HESKA
2198,RYAN
2199,SENS
2200,MFG
2201,SM
2202,KBR
2203,GNTY
2204,CNX
2205,SPXC
2206,HCKT
2207,FORD
2208,PRA
2209,CMRE
2210,RUSHA
2211,CERUS
2212,HUBS
2213,STURM
2214,UTHR
2215,DSGR
2216,BZH
2217,WTRG
2218,EXTRA
2219,EXLS
2220,NATI
2221,EGIO
2222,MCBC
2223,STEEL
2224,PIZZA
2225,HYFM
2226,CALM
2227,MEI
2228,ADNT
2229,KODK
2230,AMBC
2231,LTD
2232,XM
2233,CHECK
2234,RMBS
2235,LIND
2236,CXW
2237,CURO
2238,ASPN
2239,PZENA
2240,BUNGE
2241,HBCP
2242,DOOR
2243,VREX
2244,KOP
2245,OLP
2246,NVCR
2247,STKS
2248,BEAN
2249,PTCT
2250,MC
2251,BERY
2252,PBH
2253,AVIAT
2254,SSB
2255,BRCC
2256,COLM
2257,MAT
2258,KAMN
2259,MGP
2260,UGI
2261,ATLAS
2262,AMCOR
2263,ANIKA
2264,FIVE
2265,JBG
2266,MSC
2267,WEX
2268,CHRS
2269,SPIR
2270,CUE
2271,BSP
2272,NAT
2273,MDU
2274,APAM
2275,COMM
2276,TALS
2277,IGM
2278,LOGIC
2279,OGE
2280,DY
2281,CENT
2282,TMX
2283,MBIA
2284,CSV
2285,AUPH
2286,CG
2287,BEPC
2288,XHR
2289,ATEC
2290,FXLV
2291,FRPT
2292,OCFC
2293,VLTA
2294,BOKF
2295,BKKT
2296,CDRE
2297,ROSS
2298,HILL
2299,GRPN
2300,RGR
2301,EWTX
2302,ASH
2303,SWI
2304,TVTX
2305,NVT
2306,EXPRO
2307,PVH
2308,BELOW
2309,NV
2310,FTDR
2311,INFN
2312,NVEE
2313,KMT
2314,CLDX
2315,RRBI
2316,DEN
2317,HTH
2318,SLEEP
2319,KDNY
2320,KLA
2321,VRTS
2322,OPK
2323,PYCR
2324,TA
2325,BOOT
2326,UNTY
2327,ABC
2328,BANC
2329,CYTEK
2330,FOCUS
2331,TGH
2332,CRMT
2333,ATIP
2334,FBHS
2335,KREME
2336,ITOS
2337,PARTY
2338,SHAK
2339,FUEL
2340,WSFS
2341,HCCI
2342,AKRO
2343,HSC
2344,MATW
2345,OLN
2346,RPM
2347,KRO
2348,BATL
2349,KAMAN
2350,LPLA
2351,TBBK
2352,VZIO
2353,ILPT
2354,BCC
2355,CNDT
2356,CTXS
2357,ATI
2358,AXLE
2359,BIGC
2360,MAXR
2361,IBKR
2362,MICRO
2363,LABS
2364,PSTG
2365,UUUU
2366,HOTEL
2367,SIRI
2368,FLUOR
2369,ASTEC
2370,SMMF
2371,WSO
2372,XPER
2373,LTH
2374,ADDUS
2375,SPNE
2376,NWN
2377,GREE
2378,VLD
2379,HOV
2380,NGVT
2381,CCK
2382,LONG
2383,JWN
2384,BMBL
2385,GABC
2386,SPNS
2387,LZB
2388,LFUS
2389,EGAIN
2390,CLOUD
2391,ELAN
2392,MGPI
2393,CINC
2394,BAKKT
2395,PEAK
2396,LI
2397,TTEC
2398,BBBY
2399,CWT
2400,EMBC
2401,GRNA
2402,VECO
2403,TEN
2404,TRST
2405,JLL
2406,PCT
2407,PIII
2408,CTRN
2409,FOR
2410,CISO
2411,PEB
2412,DAN
2413,MPW
2414,DOCN
2415,TDC
2416,CAKE
2417,MODN
2418,BRKL
2419,SPT
2420,VMI
2421,DZS
2422,GME
2423,VWE
2424,TILE
2425,SGRY
2426,SMP
2427,BLI
2428,ICPT
2429,MFA
2430,AMBAC
2431,PDF
2432,FFWM
2433,AGCO
2434,AQUA
2435,ACRS
2436,PETCO
2437,DICK
2438,DISCO
2439,SUTRO
2440,UNITI
2441,WRK
2442,UTMD
2443,AMPS
2444,ENNIS
2445,RADI
2446,CIO
2447,HTA
2448,CFLT
2449,WSBC
2450,CRGE
2451,CONN
2452,RDFN
2453,BOXD
2454,GIII
2455,GBX
2456,NPTN
2457,KNBE
2458,ACCD
2459,MTTR
2460,JNCE
2461,NATL
2462,AXNX
2463,CDR
2464,ABCB
2465,SNPO
2466,URG
2467,ARI
2468,EVERI
2469,RYDER
2470,TREAN
2471,XERIS
2472,VNO
2473,SRG
2474,LBRDA
2475,COEUR
2476,CLPR
2477,WTM
2478,CDEV
2479,THIRD
2480,TG
2481,MART
2482,RILY
2483,HY
2484,BOOZ
2485,CEVA
2486,APEI
2487,CGEM
2488,NBIX
2489,TPX
2490,ROPER
2491,AEO
2492,THOR
2493,OLED
2494,ABG
2495,AAR
2496,STOKE
2497,YOU
2498,MITEK
2499,GSHD
2500,TOWN
2501,QUEST
2502,PRTY
2503,VNDA
2504,LPSN
2505,NEX
2506,VSE
2507,IIIN
2508,EXEL
2509,TFSL
2510,ISPO
2511,BKE
2512,FNA
2513,MDC
2514,WETF
2515,CLSK
2516,KMPR
2517,TLS
2518,IART
2519,PHAR
2520,BJS
2521,PRDS
2522,REGAL
2523,DTC
2524,STER
2525,UONE
2526,TGAN
2527,ACCEL
2528,EVLV
2529,NFE
2530,MID
2531,GMS
2532,WEBR
2533,MAN
2534,WULF
2535,HBI
2536,JEF
2537,TSP
2538,GSAT
2539,ATEA
2540,ATLC
2541,TRANS
2542,VTGN
2543,EIGER
2544,KLIC
2545,MRTX
2546,TNL
2547,HTLD
2548,MGNI
2549,WELLS
2550,BMI
2551,SHLS
2552,LIDR
2553,UAA
2554,SFIX
2555,SMITH
2556,GFF
2557,MMSI
2558,AMARK
2559,HZO
2560,NRZ
2561,RGA
2562,ITIC
2563,EPAC
2564,METC
2565,HIFS
2566,TROY
2567,OIS
2568,IAS
2569,BGS
2570,BOYD
2571,CCXI
2572,RALPH
2573,GREEN
2574,VF
2575,ATOM
2576,ALSN
2577,TITAN
2578,CABOT
2579,ARCUS
2580,ANTX
2581,COKE
2582,BOAT
2583,IIIV
2584,NVST
2585,DRH
2586,TRUST
2587,OPRX
2588,MCW
2589,BIO
2590,FTCI
2591,DXPE
2592,RTL
2593,FULL
2594,HALF
2595,AEYE
2596,BAND
2597,LPI
2598,BLFY
2599,VBTX
2600,AXTI
2601,DGII
2602,HRI
2603,CENN
2604,EVER
2605,AGM
2606,GLOB
2607,DAVIS
2608,HT
2609,MANH
2610,CHX
2611,PARKS
2612,AKTS
2613,TOST
2614,LATCH
2615,CHPT
2616,ETD
2617,TMP
2618,DKS
2619,BANK
2620,CERS
2621,NSSC
2622,OGS
2623,USLM
2624,JAZZ
2625,PII
2626,ARGAN
2627,SPLK
2628,MNRL
2629,JANUX
2630,STOR
2631,SA
2632,ORRF
2633,VIAVI
2634,AMRS
2635,NEO
2636,VEEV
2637,VIMEO
2638,ICHOR
2639,DVAX
2640,DM
2641,VBIV
2642,SWM
2643,MAIN
2644,RGTI
2645,MTZ
2646,CTBI
2647,TPI
2648,VOYA
2649,MCBS
2650,UFCS
2651,LSE
2652,MRVI
2653,MTG
2654,DAR
2655,ICFI
2656,RANGE
2657,CATY
2658,CNM
2659,LILLY
2660,NUVB
2661,SEAS
2662,ADTN
2663,PING
2664,NNN
2665,BPOP
2666,SG
2667,AMC
2668,GOGL
2669,FEAM
2670,TRTX
2671,COUP
2672,PLXS
2673,IBOC
2674,RLTY
2675,GLT
2676,WRE
2677,JOINT
2678,VITL
2679,FITCH
2680,PLATT
2681,ETWO
2682,SYSCO
2683,COMP
2684,FLEX
2685,LAUR
2686,PHR
2687,BFAM
2688,SWBI
2689,ARMK
2690,MYE
2691,BED
2692,WCC
2693,MGIC
2694,TPB
2695,EARTH
2696,QRVO
2697,OFG
2698,HFFG
2699,OGN
2700,OHI
2701,USER
2702,AMN
2703,KEZAR
2704,VNT
2705,CHUBB
2706,SAN
2707,QORVO
2708,INO
2709,FELE
2710,TRANE
2711,AFG
2712,BV
2713,CMP
2714,SR
2715,WILEY
2716,ENV
2717,TOOL
2718,TECHS
2719,KNSA
2720,MQ
2721,MGY
2722,HUMA
2723,ZEUS
2724,VC
2725,TEJON
2726,SCI
2727,USCB
2728,ESQ
2729,ASANA
2730,THRX
2731,ALG
2732,POLLO
2733,BHVN
2734,GIC
2735,STRO
2736,NTLA
2737,CMBM
2738,CPF
2739,REFI
2740,LSCC
2741,ORC
2742,XPERI
2743,FIVN
2744,PDM
2745,GVA
2746,VEC
2747,ALLEN
2748,AGIOS
2749,HLF
2750,HLDGS
2751,BEER
2752,WDFC
2753,IRON
2754,JAMF
2755,ASIX
2756,ACV
2757,BBLN
2758,ATSG
2759,BYND
2760,NXST
2761,REVG
2762,SRRA
2763,FF
2764,SAVE
2765,FREE
2766,STRY
2767,ARKO
2768,LAMR
2769,ADC
2770,AVNET
2771,SBA
2772,TKR
2773,YELP
2774,NYCB
2775,BRK
2776,VAL
2777,HESS
2778,ALGM
2779,ERII
2780,WATCH
2781,IMAX
2782,BRT
2783,THE
2784,SFST
2785,VERI
2786,ELECT
2787,MRSN
2788,RKT
2789,KAI
2790,LVLU
2791,LAW
2792,CNMD
2793,PETS
2794,HLDG
2795,INBK
2796,UEC
2797,ARRAY
2798,BKI
2799,UHT
2800,SPIRE
2801,SHEN
2802,PLYM
2803,FERRY
2804,RMR
2805,RUPP
2806,SHAKE
2807,NRGV
2808,RNG
2809,OEC
2810,AMOT
2811,LNW
2812,SBGI
2813,CSW
2814,KALV
2815,IAC
2816,ITRON
2817,USA
2818,XPRO
2819,RGEN
2820,WINE
2821,SANA
2822,WTI
2823,VRE
2824,BW
2825,BE
2826,NACCO
2827,GOGO
2828,TETRA
2829,SITC
2830,STHN
2831,SHBI
2832,FFIE
2833,COHR
2834,MDGL
2835,EHC
2836,UR
2837,TTEK
2838,WOW
2839,NVRO
2840,MAX
2841,PRM
2842,MCY
2843,TDW
2844,GRWG
2845,UFI
2846,CNK
2847,SHACK
2848,MRTN
2849,WTFC
2850,MTX
2851,ACM
2852,STWD
2853,PRTH
2854,ZUORA
2855,CZNC
2856,PNT
2857,UVV
2858,SNOW
2859,HFWA
2860,VERU
2861,ALTG
2862,GOLAR
2863,BHF
2864,LILAK
2865,CMTG
2866,RC
2867,ADMA
2868,BFH
2869,MORN
2870,DNOW
2871,FBK
2872,CDNA
2873,VAULT
2874,POWW
2875,FCN
2876,IMGN
2877,TDOC
2878,TNON
2879,CRDO
2880,VLGEA
2881,RHP
2882,QTRX
2883,SAH
2884,CLDT
2885,HERC
2886,AROW
2887,CCCC
2888,IRTC
2889,LHC
2890,BLBD
2891,XXII
2892,SHC
2893,UNVR
2894,NATR
2895,MYR
2896,DNUT
2897,OPEN
2898,COUR
2899,DYNE
2900,SACHS
2901,BVS
2902,PGT
2903,TOLL
2904,ESNT
2905,NDLS
2906,UEIC
2907,CVNA
2908,KFY
2909,STR
2910,VISA
2911,DLX
2912,GAP
2913,ATHA
2914,HELE
2915,EVA
2916,SBT
2917,XERS
2918,GOEV
2919,TUP
2920,ACVA
2921,FULC
2922,SCU
2923,HILLS
2924,CWST
2925,UBSI
2926,SPS
2927,TTI
2928,XENIA
2929,WASTE
2930,PLUS
2931,PFS
2932,GT
2933,QCR
2934,ERAS
2935,MILLS
2936,KWR
2937,LAZR
2938,PDCO
2939,III
2940,IAA
2941,AERI
2942,SJI
2943,WIRE
2944,LOCL
2945,LSEA
2946,CIVI
2947,CHASE
2948,NOG
2949,ONDS
2950,FMNB
2951,PENN
2952,JANUS
2953,SNCE
2954,AKERO
2955,LAD
2956,RPRX
2957,SWX
2958,AIMC
2959,ASTE
2960,DAWN
2961,NRDS
2962,BRMK
2963,UNITY
2964,OF
2965,FGBI
2966,AMPH
2967,KAR
2968,MBWM
2969,SWN
2970,TNET
2971,SXC
2972,FWONA
2973,BFST
2974,ARROW
2975,GEVO
2976,WHR
2977,SVCS
2978,GCP
2979,COHU
2980,TRS
2981,WLY
2982,BBW
2983,GKOS
2984,MODEL
2985,STOCK
2986,BLX
2987,HPK
2988,RKLY
2989,CATC
2990,CVLG
2991,AYX
2992,WOLF
2993,PIPE
2994,LC
2995,ACRE
2996,MIR
2997,CWK
2998,LILA
2999,TCX
3000,BORR
3001,CUBI
3002,AEIS
3003,IMVT
3004,HQY
3005,DAILY
3006,EXTR
3007,DO
3008,TWNK
3009,SQSP
3010,FARMS
3011,LESL
3012,WATER
3013,REATE
3014,BUSE
3015,RGNX
3016,OFC
3017,EGRX
3018,CLUB
3019,MATCH
3020,MGMT
3021,MRC
3022,IGT
3023,ATR
3024,DOCGO
3025,PCSB
3026,HURON
3027,VRT
3028,RLYB
3029,SPX
3030,RANCH
3031,COMPX
3032,CEIX
3033,TWI
3034,FC
3035,DT
3036,FHN
3037,API
3038,CRANE
3039,ESSEX
3040,CSTR
3041,FATH
3042,OPRT
3043,BHE
3044,PEGA
3045,LPG
3046,DFH
3047,PCVX
3048,OXM
3049,KNTK
3050,ASO
3051,ME
3052,SABRA
3053,NMI
3054,PTGX
3055,WHOLE
3056,TGNA
3057,SERES
3058,TRC
3059,RIOT
3060,KTOS
3061,LTCH
3062,EGP
3063,LPX
3064,UE
3065,GP
3066,CIENA
3067,LWLG
3068,VXRT
3069,EDGIO
3070,WTTR
3071,DIGI
3072,AVAV
3073,VVNT
3074,PAYA
3075,MATX
3076,WARBY
3077,TEGNA
3078,UP
3079,BLND
3080,EXXON
3081,AVO
3082,FCNCA
3083,RUSH
3084,SAMG
3085,PCTY
3086,ENACT
3087,AXT
3088,DENN
3089,FRESH
3090,ROAD
3091,AVTE
3092,DXC
3093,RBC
3094,ANTM
3095,CROSS
3096,GENCO
3097,ICU
3098,OSIS
3099,EGHT
3100,MBI
3101,FBP
3102,DCO
3103,FLIC
3104,VVI
3105,JONES
3106,DREAM
3107,FNLC
3108,FRPH
3109,CHCT
3110,ROCK
3111,HVT
3112,DINE
3113,MITK
3114,CEDAR
3115,ROKU
3116,CAL
3117,EXAS
3118,OLPX
3119,RLI
3120,ETSY
3121,UWM
3122,ACLS
3123,MUR
3124,VIRTU
3125,SOFFA
3126,SXI
3127,ASC
3128,MVST
3129,NMIH
3130,NEWR
3131,SENEA
3132,CNS
3133,CDMO
3134,UNM
3135,MVBF
3136,CNXN
3137,UBA
3138,AMH
3139,ASGN
3140,GATES
3141,IDA
3142,ROOT
3143,UMB
3144,WMS
3145,HYZN
3146,CLEAR
3147,NTGR
3148,BGRY
3149,CCF
3150,LSTR
3151,DBRG
3152,CLNE
3153,ZG
3154,CHUY
3155,FIRST
3156,KRAFT
3157,RRC
3158,RBLX
3159,IN
3160,PFIS
3161,REI
3162,AA
3163,BWXT
3164,GRILL
3165,HAYW
3166,TPIC
3167,FORR
3168,EXP
3169,IMAGO
3170,FNKO
3171,LOKEY
3172,ZUMZ
3173,ORION
3174,BRKR
3175,FROST
3176,BMRC
3177,STORE
3178,BKD
3179,UNFI
3180,CIFR
3181,BCB
3182,EVTC
3183,SEALY
3184,BUSEY
3185,PUBM
3186,HRMY
3187,GTES
3188,INDI
3189,VFC
3190,GLS
3191,STNG
3192,PARTS
3193,GAMMA
3194,EP
3195,PROTO
3196,BBCP
3197,SIMON
3198,BATRA
3199,SPCE
3200,ENR
3201,ZIMV
3202,BXMT
3203,ARCT
3204,FFIN
3205,FLYW
3206,KYMR
3207,NFBK
3208,TIMES
3209,CLW
3210,KODAK
3211,GBCI
3212,SSNC
3213,TYLER
3214,BBSI
3215,NG
3216,CAREY
3217,CASH
3218,LIME
3219,SPTN
3220,CALX
3221,NSA
3222,LL
3223,CERE
3224,ROYAL
3225,MSA
3226,OMAHA
3227,MNTK
3228,DOMO
3229,BFLY
3230,CHK
3231,STRC
3232,IBRX
3233,HPP
3234,ITGR
3235,FNB
3236,CBTX
3237,RYAM
3238,SVC
3239,OSPN
3240,FINL
3241,TENON
3242,GATX
3243,LIFE
3244,IMGO
3245,BODY
3246,HEI
3247,SRCL
3248,CSG
3249,AMKR
3250,BUILD
3251,TWOU
3252,EQBK
3253,JBSS
3254,PRGO
3255,VEGAS
3256,HTBK
3257,COGT
3258,ROIC
3259,THRN
3260,LYFT
3261,PTVE
3262,MKS
3263,SUN
3264,AKYA
3265,CCS
3266,DOVER
3267,TRTN
3268,SMPL
3269,SANDY
3270,LOS
3271,PAHC
3272,DRQ
3273,LAND
3274,REAL
3275,DHIL
3276,LUCID
3277,OVV
3278,KPTI
3279,ASSOC
3280,RELAY
3281,AXGN
3282,TK
3283,PORCH
3284,VLDR
3285,TPG
3286,DISH
3287,WINA
3288,SHYFT
3289,HCM
3290,GRAND
3291,FIN
3292,CANOO
3293,RIGL
3294,FOODS
3295,FIFTH
3296,NWE
3297,BOOTS
3298,ESTEE
3299,ZD
3300,VINCO
3301,MLAB
3302,UMH
3303,UWMC
3304,AX
3305,RM
3306,JRVR
3307,PSB
3308,AIR
3309,AVPT
3310,HIPO
3311,ACHC
3312,AJRD
3313,FLWS
3314,CAR
3315,NANO
3316,OAS
3317,OSBC
3318,GRID
3319,SI
3320,RPAY
3321,TXRH
3322,POLY
3323,NOVA
3324,CMTL
3325,COCA
3326,ABTX
3327,HOMB
3328,PEBO
3329,LE
3330,XRAY
3331,ABSCI
3332,BCO
3333,AMMO
3334,TAIL
3335,RIVER
3336,ESE
3337,BOY
3338,BUY
3339,CTRE
3340,SMBC
3341,BRC
3342,WEJO
3343,VERV
3344,TRUE
3345,QRTEA
3346,GBL
3347,AR
3348,STAAR
3349,ZM
3350,REPL
3351,OK
3352,BIPC
3353,PAYNE
3354,IPGP
3355,PRG
3356,OUST
3357,DNMR
3358,POWL
3359,JOBY
3360,WRLD
3361,FRP
3362,KEROS
3363,AVAYA
3364,BRG
3365,NWBI
3366,RCKY
3367,SCS
3368,GWRE
3369,DCGO
3370,HLX
3371,CCSI
3372,HWC
3373,PMVP
3374,SONIC
3375,OSH
3376,NX
3377,BANF
3378,REYN
3379,WEYS
3380,INV
3381,COHEN
3382,GRBK
3383,TXG
3384,PACB
3385,KURA
3386,VIVID
3387,CATO
3388,PZZA
3389,DOCS
3390,FOOT
3391,CITI
3392,VAREX
3393,CNR
3394,HF
3395,MPB
3396,BJRI
3397,RDBX
3398,RDUS
3399,DV
3400,UDMY
3401,CSTM
3402,OBNK
3403,PRK
3404,ACET
3405,FRBA
3406,SUI
3407,DH
3408,PTLO
3409,ZIP
3410,ATVI
3411,UNIT
3412,DSGN
3413,SEIC
3414,RBBN
3415,UFPI
3416,PFSI
3417,INSE
3418,AN
3419,CORE
3420,PINC
3421,SDGR
3422,CURV
3423,TBI
3424,DHC
3425,MR
3426,PRO
3427,BHR
3428,BOWL
3429,NWLI
3430,UMBF
3431,PWP
3432,JXN
3433,SE
3434,AMBA
3435,LOB
3436,AWI
3437,AUD
3438,MCRI
3439,PSFE
3440,HSII
3441,PRGS
3442,RLJ
3443,WSM
3444,INDB
3445,EYPT
3446,RPC
3447,IEA
3448,RVMD
3449,CPRX
3450,NET
3451,GOODS
3452,SOVO
3453,BKH
3454,TBPH
3455,HZNP
3456,BC
3457,ZEV
3458,JB
3459,CR
3460,PTSI
3461,VIRT
3462,PROG
3463,PPTYS
3464,EGLE
3465,KREF
3466,ORI
3467,BROS
3468,UCTT
3469,MVIS
3470,XOS
3471,TNYA
3472,LMAT
3473,HLMN
3474,COS
3475,NNOX
3476,STRL
3477,BH
3478,BRP
3479,IOSP
3480,ONEW
3481,AFCG
3482,ESMT
3483,DBI
3484,VVV
3485,DCOM
3486,EHTH
3487,HERS
3488,PNFP
3489,STD
3490,CFB
3491,VMW
3492,JACK
3493,AZZ
3494,OPAD
3495,CRS
3496,INVS
3497,GNK
3498,PRPL
3499,RYMAN
3500,SITIO
3501,SUMO
3502,TWIST
3503,LXP
3504,SCCO
3505,IPSC
3506,GOSS
3507,KELYA
3508,DLB
3509,UDEMY
3510,CORP
3511,FR
3512,CRVL
3513,COMMS
3514,WKS
3515,ZUO
3516,NN
3517,AGIO
3518,NIC
3519,CBL
3520,WIX
3521,VI
3522,TCDA
3523,UPLD
3524,PPBI
3525,CABLE
3526,SAFE
3527,GOOD
3528,SAUL
3529,KROS
3530,UPST
3531,AECOM
3532,MEAT
3533,ZYXI
3534,INDUS
3535,LTC
3536,SEAT
3537,FGEN
3538,RRR
3539,IBTX
3540,POST
3541,OWL
3542,RGP
3543,SCVL
3544,MNKD
3545,GLASS
3546,DATA
3547,ONDAS
3548,SFL
3549,FHTX
3550,LINES
3551,SIG
3552,ONEM
3553,INFO
3554,SIGI
3555,MSEX
3556,CUZ
3557,DRVN
3558,BOC
3559,CVENT
3560,TST
3561,NERDY
3562,CACI
3563,LKFN
3564,MTN
3565,PRODS
3566,SOLID
3567,SLGC
3568,TDUP
3569,POINT
3570,ENDO
3571,MOG
3572,OLO
3573,AGEN
3574,FTC
3575,NUTX
3576,CNO
3577,ONB
3578,DEL
3579,BBWI
3580,LIVE
3581,VTNR
3582,ULCC
3583,AAT
3584,BLOCK
3585,BGCP
3586,OMIC
3587,CLASS
3588,CHNG
3589,MANN
3590,WLL
3591,EMCOR
3592,DCPH
3593,CIX
3594,INDS
3595,WORLD
3596,RENT
3597,TOAST
3598,EBTC
3599,BOH
3600,SIVB
3601,CLEAN
3602,ILMN
3603,ONL
3604,WAL
3605,WAFD
3606,KARAT
3607,WWF
3608,COAL
3609,AVNS
3610,WEBER
3611,JOE
3612,CUBE
3613,USM
3614,TANGO
3615,MNRO
3616,MGE
3617,CRA
3618,VEEVA
3619,DEV
3620,SOLO
3621,CRK
3622,DCT
3623,JBI
3624,AKA
3625,TTGT
3626,MEDIA
3627,HHC
3628,TTCF
3629,PARAA
3630,VERRA
3631,SKIL
3632,RLAY
3633,VEL
3634,CPA
3635,GHC
3636,ZION
3637,GPRE
3638,NBHC
3639,NABL
3640,DNB
3641,MACYS
3642,BECN
3643,UNUM
3644,MPLN
3645,ALTRA
3646,IONS
3647,BOX
3648,AZPN
3649,GPRO
3650,RMAX
3651,TCBK
3652,ACHR
3653,EBS
3654,MSM
3655,ORA
3656,BCPC
3657,BHLB
3658,GXO
3659,DEI
3660,JANX
3661,YB
3662,WEAV
3663,OTTER
3664,USFD
3665,DBD
3666,CDE
3667,SAIC
3668,SAVA
3669,HYZON
3670,UTI
3671,AVDX
3672,AMLX
3673,APG
3674,CLAR
3675,ADV
3676,PB
3677,ARTNA
3678,ACLX
3679,READY
3680,DOX
3681,FARGO
3682,SNCY
3683,ATCX
3684,LGIH
3685,LHCG
3686,VTYX
3687,APPF
3688,ROVER
3689,TUTOR
3690,AHT
3691,AI
3692,MTOR
3693,BANR
3694,HELEN
3695,PETIQ
3696,PRFT
3697,ENTG
3698,QUIP
3699,VITAL
3700,ZURN
3701,ADGI
3702,LINDE
3703,COOP
3704,ANGO
3705,BHG
3706,ELY
3707,ESRT
3708,SBOW
3709,TIL
3710,TR
3711,EQC
3712,NODK
3713,LANE
3714,LSXMK
3715,NE
3716,BTRS
3717,BURL
3718,IMXI
3719,OPCH
3720,ROCKY
3721,LIGHT
3722,TOWNE
3723,AORT
3724,DOT
3725,LCII
3726,AVAH
3727,ANGEL
3728,PIPR
3729,WHD
3730,HAFC
3731,RGLD
3732,NVTA
3733,KNTE
3734,FPI
3735,VERA
3736,LOEW
3737,RFP
3738,HECLA
3739,ASPEN
3740,MCS
3741,MYERS
3742,FTI
3743,BOWES
3744,HMPT
3745,HGV
3746,DAVE
3747,FULT
3748,MTDR
3749,ABSI
3750,DMRC
3751,HMST
3752,LQDT
3753,UONEK
3754,OLLI
3755,BJ
3756,HYATT
3757,INBX
3758,INNV
3759,LCUT
3760,VIAD
3761,ALVR
3762,HSTM
3763,CRC
3764,AMTX
3765,MNDT
3766,ACIW
3767,DIOD
3768,OLIN
3769,AVNW
3770,HLI
3771,TIG
3772,KRNY
3773,WRBY
3774,PFGC
3775,SSD
3776,XYLEM
3777,BRICK
3778,AIV
3779,LA
3780,ODP
3781,MANT
3782,THFF
3783,AMK
3784,USPH
3785,MGEE
3786,ROSA
3787,NMRK
3788,AMRC
3789,OMI
3790,LOCAL
3791,UNIFI
3792,BNFT
3793,INTER
3794,HNI
3795,SPNT
3796,CNXC
3797,OB
3798,AXL
3799,USNA
3800,EIGR
3801,TWST
3802,PRLB
3803,KBAL
3804,DK
3805,BIRD
3806,SRCE
3807,PBC
3808,RIGEL
3809,TNC
3810,BUS
3811,FAS
3812,HLLY
3813,YALE
3814,BYD
3815,NGM
3816,AGX
3817,TGTX
3818,FLS
3819,VRAY
3820,TOI
3821,PRVB
3822,CBNK
3823,LNTH
3824,PXD
3825,PD
3826,SUNL
3827,MP
3828,ATNI
3829,DKNG
3830,AC
3831,MWA
3832,SKT
3833,PKE
3834,NAUT
3835,CITY
3836,HSKA
3837,HOST
3838,MLI
3839,CPK
3840,SLDP
3841,SWIM
3842,PUMP
3843,SIBN
3844,HA
3845,ETRN
3846,CVI
3847,TITN
3848,IES
3849,LUMN
3850,MASI
3851,PMT
3852,HAYN
3853,CBU
3854,NEXT
3855,WW
3856,MOD
3857,STC
3858,EXPO
3859,PARR
3860,ARR